Date,observations (m),Observations minus predictions (m)
2023-08-13 20:18 PDT,4.193,
2023-08-13 20:17 PDT,4.197,
2023-08-13 20:16 PDT,4.199,
2023-08-13 20:15 PDT,4.213,
2023-08-13 20:14 PDT,4.214,
2023-08-13 20:13 PDT,4.209,
2023-08-13 20:12 PDT,4.207,
2023-08-13 20:11 PDT,4.218,
2023-08-13 20:10 PDT,4.233,
2023-08-13 20:09 PDT,4.233,
2023-08-13 20:08 PDT,4.23,
2023-08-13 20:07 PDT,4.233,
2023-08-13 20:06 PDT,4.242,
2023-08-13 20:05 PDT,4.256,
2023-08-13 20:04 PDT,4.259,
2023-08-13 20:03 PDT,4.249,
2023-08-13 20:02 PDT,4.252,
2023-08-13 20:01 PDT,4.261,
2023-08-13 20:00 PDT,4.27,
2023-08-13 19:59 PDT,4.27,
2023-08-13 19:58 PDT,4.261,
2023-08-13 19:57 PDT,4.27,
2023-08-13 19:56 PDT,4.289,
2023-08-13 19:55 PDT,4.289,
2023-08-13 19:54 PDT,4.277,
2023-08-13 19:53 PDT,4.275,
2023-08-13 19:52 PDT,4.286,
2023-08-13 19:51 PDT,4.303,
2023-08-13 19:50 PDT,4.308,
2023-08-13 19:49 PDT,4.298,
2023-08-13 19:48 PDT,4.296,
2023-08-13 19:47 PDT,4.299,
2023-08-13 19:46 PDT,4.319,
2023-08-13 19:45 PDT,4.312,
2023-08-13 19:44 PDT,4.305,
2023-08-13 19:43 PDT,4.305,
2023-08-13 19:42 PDT,4.319,
2023-08-13 19:41 PDT,4.332,
2023-08-13 19:40 PDT,4.331,
2023-08-13 19:39 PDT,4.322,
2023-08-13 19:38 PDT,4.324,
2023-08-13 19:37 PDT,4.341,
2023-08-13 19:36 PDT,4.343,
2023-08-13 19:35 PDT,4.343,
2023-08-13 19:34 PDT,4.341,
2023-08-13 19:33 PDT,4.348,
2023-08-13 19:32 PDT,4.348,
2023-08-13 19:31 PDT,4.355,
2023-08-13 19:30 PDT,4.351,
2023-08-13 19:29 PDT,4.358,
2023-08-13 19:28 PDT,4.371,
2023-08-13 19:27 PDT,4.371,
2023-08-13 19:26 PDT,4.378,
2023-08-13 19:25 PDT,4.371,
2023-08-13 19:24 PDT,4.374,
2023-08-13 19:23 PDT,4.381,
2023-08-13 19:22 PDT,4.398,
2023-08-13 19:21 PDT,4.402,
2023-08-13 19:20 PDT,4.393,
2023-08-13 19:19 PDT,4.4,
2023-08-13 19:18 PDT,4.405,
2023-08-13 19:17 PDT,4.418,
2023-08-13 19:16 PDT,4.407,
2023-08-13 19:15 PDT,4.409,
2023-08-13 19:14 PDT,4.414,
2023-08-13 19:13 PDT,4.424,
2023-08-13 19:12 PDT,4.424,
2023-08-13 19:11 PDT,4.424,
2023-08-13 19:10 PDT,4.428,
2023-08-13 19:09 PDT,4.437,
2023-08-13 19:08 PDT,4.449,
2023-08-13 19:07 PDT,4.443,
2023-08-13 19:06 PDT,4.44,
2023-08-13 19:05 PDT,4.436,
2023-08-13 19:04 PDT,4.44,
2023-08-13 19:03 PDT,4.442,
2023-08-13 19:02 PDT,4.44,
2023-08-13 19:01 PDT,4.445,
2023-08-13 19:00 PDT,4.44,
2023-08-13 18:59 PDT,4.45,
2023-08-13 18:58 PDT,4.456,
2023-08-13 18:57 PDT,4.461,
2023-08-13 18:56 PDT,4.451,
2023-08-13 18:55 PDT,4.459,
2023-08-13 18:54 PDT,4.463,
2023-08-13 18:53 PDT,4.463,
2023-08-13 18:52 PDT,4.464,
2023-08-13 18:51 PDT,4.459,
2023-08-13 18:50 PDT,4.461,
2023-08-13 18:49 PDT,4.464,
2023-08-13 18:48 PDT,4.463,
2023-08-13 18:47 PDT,4.469,
2023-08-13 18:46 PDT,4.463,
2023-08-13 18:45 PDT,4.459,
2023-08-13 18:44 PDT,4.464,
2023-08-13 18:43 PDT,4.473,
2023-08-13 18:42 PDT,4.47,
2023-08-13 18:41 PDT,4.471,
2023-08-13 18:40 PDT,4.464,
2023-08-13 18:39 PDT,4.456,
2023-08-13 18:38 PDT,4.457,
2023-08-13 18:37 PDT,4.454,
2023-08-13 18:36 PDT,4.463,
2023-08-13 18:35 PDT,4.477,
2023-08-13 18:34 PDT,4.466,
2023-08-13 18:33 PDT,4.45,
2023-08-13 18:32 PDT,4.447,
2023-08-13 18:31 PDT,4.454,
2023-08-13 18:30 PDT,4.461,
2023-08-13 18:29 PDT,4.466,
2023-08-13 18:28 PDT,4.476,
2023-08-13 18:27 PDT,4.454,
2023-08-13 18:26 PDT,4.454,
2023-08-13 18:25 PDT,4.443,
2023-08-13 18:24 PDT,4.459,
2023-08-13 18:23 PDT,4.473,
2023-08-13 18:22 PDT,4.459,
2023-08-13 18:21 PDT,4.457,
2023-08-13 18:20 PDT,4.463,
2023-08-13 18:19 PDT,4.464,
2023-08-13 18:18 PDT,4.459,
2023-08-13 18:17 PDT,4.447,
2023-08-13 18:16 PDT,4.449,
2023-08-13 18:15 PDT,4.457,
2023-08-13 18:14 PDT,4.461,
2023-08-13 18:13 PDT,4.456,
2023-08-13 18:12 PDT,4.454,
2023-08-13 18:11 PDT,4.454,
2023-08-13 18:10 PDT,4.459,
2023-08-13 18:09 PDT,4.457,
2023-08-13 18:08 PDT,4.437,
2023-08-13 18:07 PDT,4.44,
2023-08-13 18:06 PDT,4.447,
2023-08-13 18:05 PDT,4.463,
2023-08-13 18:04 PDT,4.454,
2023-08-13 18:03 PDT,4.428,
2023-08-13 18:02 PDT,4.424,
2023-08-13 18:01 PDT,4.433,
2023-08-13 18:00 PDT,4.433,
2023-08-13 17:59 PDT,4.431,
2023-08-13 17:58 PDT,4.433,
2023-08-13 17:57 PDT,4.414,
2023-08-13 17:56 PDT,4.43,
2023-08-13 17:55 PDT,4.426,
2023-08-13 17:54 PDT,4.417,
2023-08-13 17:53 PDT,4.395,
2023-08-13 17:52 PDT,4.397,
2023-08-13 17:51 PDT,4.407,
2023-08-13 17:50 PDT,4.405,
2023-08-13 17:49 PDT,4.385,
2023-08-13 17:48 PDT,4.371,
2023-08-13 17:47 PDT,4.381,
2023-08-13 17:46 PDT,4.388,
2023-08-13 17:45 PDT,4.385,
2023-08-13 17:44 PDT,4.355,
2023-08-13 17:43 PDT,4.355,
2023-08-13 17:42 PDT,4.358,
2023-08-13 17:41 PDT,4.352,
2023-08-13 17:40 PDT,4.345,
2023-08-13 17:39 PDT,4.326,
2023-08-13 17:38 PDT,4.329,
2023-08-13 17:37 PDT,4.343,
2023-08-13 17:36 PDT,4.341,
2023-08-13 17:35 PDT,4.324,
2023-08-13 17:34 PDT,4.308,
2023-08-13 17:33 PDT,4.299,
2023-08-13 17:32 PDT,4.312,
2023-08-13 17:31 PDT,4.32,
2023-08-13 17:30 PDT,4.303,
2023-08-13 17:29 PDT,4.301,
2023-08-13 17:28 PDT,4.287,
2023-08-13 17:27 PDT,4.296,
2023-08-13 17:26 PDT,4.272,
2023-08-13 17:25 PDT,4.253,
2023-08-13 17:24 PDT,4.253,
2023-08-13 17:23 PDT,4.272,
2023-08-13 17:22 PDT,4.263,
2023-08-13 17:21 PDT,4.254,
2023-08-13 17:20 PDT,4.242,
2023-08-13 17:19 PDT,4.233,
2023-08-13 17:18 PDT,4.242,
2023-08-13 17:17 PDT,4.232,
2023-08-13 17:16 PDT,4.221,
2023-08-13 17:15 PDT,4.22,
2023-08-13 17:14 PDT,4.213,
2023-08-13 17:13 PDT,4.211,
2023-08-13 17:12 PDT,4.209,
2023-08-13 17:11 PDT,4.202,
2023-08-13 17:10 PDT,4.19,
2023-08-13 17:09 PDT,4.183,
2023-08-13 17:08 PDT,4.183,
2023-08-13 17:07 PDT,4.166,
2023-08-13 17:06 PDT,4.166,
2023-08-13 17:05 PDT,4.159,
2023-08-13 17:04 PDT,4.164,
2023-08-13 17:03 PDT,4.16,
2023-08-13 17:02 PDT,4.145,
2023-08-13 17:01 PDT,4.134,
2023-08-13 17:00 PDT,4.131,
2023-08-13 16:59 PDT,4.131,
2023-08-13 16:58 PDT,4.108,
2023-08-13 16:57 PDT,4.095,
2023-08-13 16:56 PDT,4.088,
2023-08-13 16:55 PDT,4.086,
2023-08-13 16:54 PDT,4.072,
2023-08-13 16:53 PDT,4.07,
2023-08-13 16:52 PDT,4.06,
2023-08-13 16:51 PDT,4.065,
2023-08-13 16:50 PDT,4.058,
2023-08-13 16:49 PDT,4.039,
2023-08-13 16:48 PDT,4.023,
2023-08-13 16:47 PDT,4.013,
2023-08-13 16:46 PDT,4.027,
2023-08-13 16:45 PDT,4.018,
2023-08-13 16:44 PDT,4.004,
2023-08-13 16:43 PDT,3.982,
2023-08-13 16:42 PDT,3.987,
2023-08-13 16:41 PDT,3.984,
2023-08-13 16:40 PDT,3.97,
2023-08-13 16:39 PDT,3.956,
2023-08-13 16:38 PDT,3.937,
2023-08-13 16:37 PDT,3.94,
2023-08-13 16:36 PDT,3.93,
2023-08-13 16:35 PDT,3.925,
2023-08-13 16:34 PDT,3.907,
2023-08-13 16:33 PDT,3.9,
2023-08-13 16:32 PDT,3.897,
2023-08-13 16:31 PDT,3.904,
2023-08-13 16:30 PDT,3.888,
2023-08-13 16:29 PDT,3.876,
2023-08-13 16:28 PDT,3.855,
2023-08-13 16:27 PDT,3.853,
2023-08-13 16:26 PDT,3.845,
2023-08-13 16:25 PDT,3.815,
2023-08-13 16:24 PDT,3.81,
2023-08-13 16:23 PDT,3.818,
2023-08-13 16:22 PDT,3.822,
2023-08-13 16:21 PDT,3.82,
2023-08-13 16:20 PDT,3.794,
2023-08-13 16:19 PDT,3.773,
2023-08-13 16:18 PDT,3.767,
2023-08-13 16:17 PDT,3.767,
2023-08-13 16:16 PDT,3.759,
2023-08-13 16:15 PDT,3.749,
2023-08-13 16:14 PDT,3.734,
2023-08-13 16:13 PDT,3.72,
2023-08-13 16:12 PDT,3.713,
2023-08-13 16:11 PDT,3.707,
2023-08-13 16:10 PDT,3.704,
2023-08-13 16:09 PDT,3.681,
2023-08-13 16:08 PDT,3.673,
2023-08-13 16:07 PDT,3.661,
2023-08-13 16:06 PDT,3.654,
2023-08-13 16:05 PDT,3.636,
2023-08-13 16:04 PDT,3.629,
2023-08-13 16:03 PDT,3.623,
2023-08-13 16:02 PDT,3.612,
2023-08-13 16:01 PDT,3.603,
2023-08-13 16:00 PDT,3.586,
2023-08-13 15:59 PDT,3.576,
2023-08-13 15:58 PDT,3.565,
2023-08-13 15:57 PDT,3.557,
2023-08-13 15:56 PDT,3.555,
2023-08-13 15:55 PDT,3.539,
2023-08-13 15:54 PDT,3.527,
2023-08-13 15:53 PDT,3.522,
2023-08-13 15:52 PDT,3.504,
2023-08-13 15:51 PDT,3.499,
2023-08-13 15:50 PDT,3.489,
2023-08-13 15:49 PDT,3.48,
2023-08-13 15:48 PDT,3.478,
2023-08-13 15:47 PDT,3.47,
2023-08-13 15:46 PDT,3.463,
2023-08-13 15:45 PDT,3.443,
2023-08-13 15:44 PDT,3.43,
2023-08-13 15:43 PDT,3.426,
2023-08-13 15:42 PDT,3.426,
2023-08-13 15:41 PDT,3.417,
2023-08-13 15:40 PDT,3.395,
2023-08-13 15:39 PDT,3.391,
2023-08-13 15:38 PDT,3.383,
2023-08-13 15:37 PDT,3.373,
2023-08-13 15:36 PDT,3.364,
2023-08-13 15:35 PDT,3.346,
2023-08-13 15:34 PDT,3.348,
2023-08-13 15:33 PDT,3.345,
2023-08-13 15:32 PDT,3.325,
2023-08-13 15:31 PDT,3.313,
2023-08-13 15:30 PDT,3.299,
2023-08-13 15:29 PDT,3.281,
2023-08-13 15:28 PDT,3.274,
2023-08-13 15:27 PDT,3.256,
2023-08-13 15:26 PDT,3.248,
2023-08-13 15:25 PDT,3.239,
2023-08-13 15:24 PDT,3.237,
2023-08-13 15:23 PDT,3.216,
2023-08-13 15:22 PDT,3.207,
2023-08-13 15:21 PDT,3.197,
2023-08-13 15:20 PDT,3.18,
2023-08-13 15:19 PDT,3.166,
2023-08-13 15:18 PDT,3.156,
2023-08-13 15:17 PDT,3.154,
2023-08-13 15:16 PDT,3.145,
2023-08-13 15:15 PDT,3.131,
2023-08-13 15:14 PDT,3.115,
2023-08-13 15:13 PDT,3.1,
2023-08-13 15:12 PDT,3.083,
2023-08-13 15:11 PDT,3.076,
2023-08-13 15:10 PDT,3.055,
2023-08-13 15:09 PDT,3.049,
2023-08-13 15:08 PDT,3.053,
2023-08-13 15:07 PDT,3.036,
2023-08-13 15:06 PDT,3.027,
2023-08-13 15:05 PDT,3.008,
2023-08-13 15:04 PDT,2.996,
2023-08-13 15:03 PDT,2.989,
2023-08-13 15:02 PDT,2.983,
2023-08-13 15:01 PDT,2.97,
2023-08-13 15:00 PDT,2.959,
2023-08-13 14:59 PDT,2.949,
2023-08-13 14:58 PDT,2.935,
2023-08-13 14:57 PDT,2.923,
2023-08-13 14:56 PDT,2.912,
2023-08-13 14:55 PDT,2.891,
2023-08-13 14:54 PDT,2.886,
2023-08-13 14:53 PDT,2.878,
2023-08-13 14:52 PDT,2.865,
2023-08-13 14:51 PDT,2.852,
2023-08-13 14:50 PDT,2.838,
2023-08-13 14:49 PDT,2.831,
2023-08-13 14:48 PDT,2.824,
2023-08-13 14:47 PDT,2.812,
2023-08-13 14:46 PDT,2.796,
2023-08-13 14:45 PDT,2.788,
2023-08-13 14:44 PDT,2.779,
2023-08-13 14:43 PDT,2.768,
2023-08-13 14:42 PDT,2.754,
2023-08-13 14:41 PDT,2.746,
2023-08-13 14:40 PDT,2.727,
2023-08-13 14:39 PDT,2.706,
2023-08-13 14:38 PDT,2.702,
2023-08-13 14:37 PDT,2.692,
2023-08-13 14:36 PDT,2.683,
2023-08-13 14:35 PDT,2.667,
2023-08-13 14:34 PDT,2.647,
2023-08-13 14:33 PDT,2.636,
2023-08-13 14:32 PDT,2.627,
2023-08-13 14:31 PDT,2.615,
2023-08-13 14:30 PDT,2.601,
2023-08-13 14:29 PDT,2.587,
2023-08-13 14:28 PDT,2.569,
2023-08-13 14:27 PDT,2.562,
2023-08-13 14:26 PDT,2.542,
2023-08-13 14:25 PDT,2.523,
2023-08-13 14:24 PDT,2.517,
2023-08-13 14:23 PDT,2.497,
2023-08-13 14:22 PDT,2.489,
2023-08-13 14:21 PDT,2.471,
2023-08-13 14:20 PDT,2.46,
2023-08-13 14:19 PDT,2.454,
2023-08-13 14:18 PDT,2.443,
2023-08-13 14:17 PDT,2.43,
2023-08-13 14:16 PDT,2.417,
2023-08-13 14:15 PDT,2.399,
2023-08-13 14:14 PDT,2.393,
2023-08-13 14:13 PDT,2.378,
2023-08-13 14:12 PDT,2.366,
2023-08-13 14:11 PDT,2.358,
2023-08-13 14:10 PDT,2.348,
2023-08-13 14:09 PDT,2.345,
2023-08-13 14:08 PDT,2.325,
2023-08-13 14:07 PDT,2.309,
2023-08-13 14:06 PDT,2.299,
2023-08-13 14:05 PDT,2.29,
2023-08-13 14:04 PDT,2.279,
2023-08-13 14:03 PDT,2.26,
2023-08-13 14:02 PDT,2.259,
2023-08-13 14:01 PDT,2.249,
2023-08-13 14:00 PDT,2.239,
2023-08-13 13:59 PDT,2.224,
2023-08-13 13:58 PDT,2.211,
2023-08-13 13:57 PDT,2.203,
2023-08-13 13:56 PDT,2.178,
2023-08-13 13:55 PDT,2.175,
2023-08-13 13:54 PDT,2.161,
2023-08-13 13:53 PDT,2.164,
2023-08-13 13:52 PDT,2.167,
2023-08-13 13:51 PDT,2.135,
2023-08-13 13:50 PDT,2.137,
2023-08-13 13:49 PDT,2.121,
2023-08-13 13:48 PDT,2.11,
2023-08-13 13:47 PDT,2.103,
2023-08-13 13:46 PDT,2.092,
2023-08-13 13:45 PDT,2.082,
2023-08-13 13:44 PDT,2.064,
2023-08-13 13:43 PDT,2.068,
2023-08-13 13:42 PDT,2.059,
2023-08-13 13:41 PDT,2.042,
2023-08-13 13:40 PDT,2.035,
2023-08-13 13:39 PDT,2.011,
2023-08-13 13:38 PDT,2.006,
2023-08-13 13:37 PDT,1.99,
2023-08-13 13:36 PDT,1.983,
2023-08-13 13:35 PDT,1.983,
2023-08-13 13:34 PDT,1.967,
2023-08-13 13:33 PDT,1.958,
2023-08-13 13:32 PDT,1.937,
2023-08-13 13:31 PDT,1.927,
2023-08-13 13:30 PDT,1.914,
2023-08-13 13:29 PDT,1.895,
2023-08-13 13:28 PDT,1.884,
2023-08-13 13:27 PDT,1.874,
2023-08-13 13:26 PDT,1.872,
2023-08-13 13:25 PDT,1.858,
2023-08-13 13:24 PDT,1.839,
2023-08-13 13:23 PDT,1.844,
2023-08-13 13:22 PDT,1.822,
2023-08-13 13:21 PDT,1.809,
2023-08-13 13:20 PDT,1.796,
2023-08-13 13:19 PDT,1.792,
2023-08-13 13:18 PDT,1.783,
2023-08-13 13:17 PDT,1.765,
2023-08-13 13:16 PDT,1.762,
2023-08-13 13:15 PDT,1.759,
2023-08-13 13:14 PDT,1.743,
2023-08-13 13:13 PDT,1.729,
2023-08-13 13:12 PDT,1.709,
2023-08-13 13:11 PDT,1.704,
2023-08-13 13:10 PDT,1.691,
2023-08-13 13:09 PDT,1.678,
2023-08-13 13:08 PDT,1.688,
2023-08-13 13:07 PDT,1.677,
2023-08-13 13:06 PDT,1.654,
2023-08-13 13:05 PDT,1.651,
2023-08-13 13:04 PDT,1.647,
2023-08-13 13:03 PDT,1.632,
2023-08-13 13:02 PDT,1.622,
2023-08-13 13:01 PDT,1.612,
2023-08-13 13:00 PDT,1.598,
2023-08-13 12:59 PDT,1.59,
2023-08-13 12:58 PDT,1.579,
2023-08-13 12:57 PDT,1.572,
2023-08-13 12:56 PDT,1.571,
2023-08-13 12:55 PDT,1.555,
2023-08-13 12:54 PDT,1.545,
2023-08-13 12:53 PDT,1.544,
2023-08-13 12:52 PDT,1.533,
2023-08-13 12:51 PDT,1.516,
2023-08-13 12:50 PDT,1.501,
2023-08-13 12:49 PDT,1.499,
2023-08-13 12:48 PDT,1.491,
2023-08-13 12:47 PDT,1.489,
2023-08-13 12:46 PDT,1.476,
2023-08-13 12:45 PDT,1.455,
2023-08-13 12:44 PDT,1.454,
2023-08-13 12:43 PDT,1.453,
2023-08-13 12:42 PDT,1.441,
2023-08-13 12:41 PDT,1.44,
2023-08-13 12:40 PDT,1.439,
2023-08-13 12:39 PDT,1.43,
2023-08-13 12:38 PDT,1.418,
2023-08-13 12:37 PDT,1.414,
2023-08-13 12:36 PDT,1.397,
2023-08-13 12:35 PDT,1.386,
2023-08-13 12:34 PDT,1.386,
2023-08-13 12:33 PDT,1.371,
2023-08-13 12:32 PDT,1.366,
2023-08-13 12:31 PDT,1.358,
2023-08-13 12:30 PDT,1.345,
2023-08-13 12:29 PDT,1.336,
2023-08-13 12:28 PDT,1.335,
2023-08-13 12:27 PDT,1.323,
2023-08-13 12:26 PDT,1.316,
2023-08-13 12:25 PDT,1.305,
2023-08-13 12:24 PDT,1.293,
2023-08-13 12:23 PDT,1.284,
2023-08-13 12:22 PDT,1.28,
2023-08-13 12:21 PDT,1.272,
2023-08-13 12:20 PDT,1.259,
2023-08-13 12:19 PDT,1.247,
2023-08-13 12:18 PDT,1.239,
2023-08-13 12:17 PDT,1.234,
2023-08-13 12:16 PDT,1.227,
2023-08-13 12:15 PDT,1.214,
2023-08-13 12:14 PDT,1.203,
2023-08-13 12:13 PDT,1.198,
2023-08-13 12:12 PDT,1.185,
2023-08-13 12:11 PDT,1.182,
2023-08-13 12:10 PDT,1.17,
2023-08-13 12:09 PDT,1.151,
2023-08-13 12:08 PDT,1.155,
2023-08-13 12:07 PDT,1.144,
2023-08-13 12:06 PDT,1.141,
2023-08-13 12:05 PDT,1.134,
2023-08-13 12:04 PDT,1.121,
2023-08-13 12:03 PDT,1.112,
2023-08-13 12:02 PDT,1.101,
2023-08-13 12:01 PDT,1.099,
2023-08-13 12:00 PDT,1.086,
2023-08-13 11:59 PDT,1.077,
2023-08-13 11:58 PDT,1.083,
2023-08-13 11:57 PDT,1.071,
2023-08-13 11:56 PDT,1.062,
2023-08-13 11:55 PDT,1.058,
2023-08-13 11:54 PDT,1.043,
2023-08-13 11:53 PDT,1.042,
2023-08-13 11:52 PDT,1.038,
2023-08-13 11:51 PDT,1.026,
2023-08-13 11:50 PDT,1.02,
2023-08-13 11:49 PDT,1.018,
2023-08-13 11:48 PDT,1.012,
2023-08-13 11:47 PDT,1.009,
2023-08-13 11:46 PDT,0.997,
2023-08-13 11:45 PDT,0.99,
2023-08-13 11:44 PDT,0.986,
2023-08-13 11:43 PDT,0.986,
2023-08-13 11:42 PDT,0.977,
2023-08-13 11:41 PDT,0.98,
2023-08-13 11:40 PDT,0.97,
2023-08-13 11:39 PDT,0.97,
2023-08-13 11:38 PDT,0.958,
2023-08-13 11:37 PDT,0.951,
2023-08-13 11:36 PDT,0.943,
2023-08-13 11:35 PDT,0.946,
2023-08-13 11:34 PDT,0.943,
2023-08-13 11:33 PDT,0.937,
2023-08-13 11:32 PDT,0.928,
2023-08-13 11:31 PDT,0.929,
2023-08-13 11:30 PDT,0.923,
2023-08-13 11:29 PDT,0.919,
2023-08-13 11:28 PDT,0.918,
2023-08-13 11:27 PDT,0.922,
2023-08-13 11:26 PDT,0.913,
2023-08-13 11:25 PDT,0.907,
2023-08-13 11:24 PDT,0.904,
2023-08-13 11:23 PDT,0.911,
2023-08-13 11:22 PDT,0.906,
2023-08-13 11:21 PDT,0.9,
2023-08-13 11:20 PDT,0.898,
2023-08-13 11:19 PDT,0.891,
2023-08-13 11:18 PDT,0.885,
2023-08-13 11:17 PDT,0.888,
2023-08-13 11:16 PDT,0.886,
2023-08-13 11:15 PDT,0.877,
2023-08-13 11:14 PDT,0.872,
2023-08-13 11:13 PDT,0.867,
2023-08-13 11:12 PDT,0.874,
2023-08-13 11:11 PDT,0.868,
2023-08-13 11:10 PDT,0.866,
2023-08-13 11:09 PDT,0.863,
2023-08-13 11:08 PDT,0.861,
2023-08-13 11:07 PDT,0.859,
2023-08-13 11:06 PDT,0.863,
2023-08-13 11:05 PDT,0.863,
2023-08-13 11:04 PDT,0.858,
2023-08-13 11:03 PDT,0.859,
2023-08-13 11:02 PDT,0.859,
2023-08-13 11:01 PDT,0.854,
2023-08-13 11:00 PDT,0.858,
2023-08-13 10:59 PDT,0.858,
2023-08-13 10:58 PDT,0.858,
2023-08-13 10:57 PDT,0.856,
2023-08-13 10:56 PDT,0.86,
2023-08-13 10:55 PDT,0.854,
2023-08-13 10:54 PDT,0.858,
2023-08-13 10:53 PDT,0.855,
2023-08-13 10:52 PDT,0.862,
2023-08-13 10:51 PDT,0.858,
2023-08-13 10:50 PDT,0.852,
2023-08-13 10:49 PDT,0.85,
2023-08-13 10:48 PDT,0.852,
2023-08-13 10:47 PDT,0.855,
2023-08-13 10:46 PDT,0.865,
2023-08-13 10:45 PDT,0.866,
2023-08-13 10:44 PDT,0.871,
2023-08-13 10:43 PDT,0.873,
2023-08-13 10:42 PDT,0.874,
2023-08-13 10:41 PDT,0.871,
2023-08-13 10:40 PDT,0.871,
2023-08-13 10:39 PDT,0.874,
2023-08-13 10:38 PDT,0.875,
2023-08-13 10:37 PDT,0.875,
2023-08-13 10:36 PDT,0.869,
2023-08-13 10:35 PDT,0.886,
2023-08-13 10:34 PDT,0.884,
2023-08-13 10:33 PDT,0.884,
2023-08-13 10:32 PDT,0.885,
2023-08-13 10:31 PDT,0.886,
2023-08-13 10:30 PDT,0.892,
2023-08-13 10:29 PDT,0.902,
2023-08-13 10:28 PDT,0.9,
2023-08-13 10:27 PDT,0.9,
2023-08-13 10:26 PDT,0.904,
2023-08-13 10:25 PDT,0.9,
2023-08-13 10:24 PDT,0.908,
2023-08-13 10:23 PDT,0.91,
2023-08-13 10:22 PDT,0.907,
2023-08-13 10:21 PDT,0.909,
2023-08-13 10:20 PDT,0.917,
2023-08-13 10:19 PDT,0.917,
2023-08-13 10:18 PDT,0.92,
2023-08-13 10:17 PDT,0.923,
2023-08-13 10:16 PDT,0.924,
2023-08-13 10:15 PDT,0.928,
2023-08-13 10:14 PDT,0.933,
2023-08-13 10:13 PDT,0.938,
2023-08-13 10:12 PDT,0.941,
2023-08-13 10:11 PDT,0.954,
2023-08-13 10:10 PDT,0.946,
2023-08-13 10:09 PDT,0.945,
2023-08-13 10:08 PDT,0.957,
2023-08-13 10:07 PDT,0.964,
2023-08-13 10:06 PDT,0.968,
2023-08-13 10:05 PDT,0.967,
2023-08-13 10:04 PDT,0.963,
2023-08-13 10:03 PDT,0.979,
2023-08-13 10:02 PDT,0.971,
2023-08-13 10:01 PDT,0.98,
2023-08-13 10:00 PDT,0.977,
2023-08-13 09:59 PDT,0.983,
2023-08-13 09:58 PDT,0.994,
2023-08-13 09:57 PDT,0.999,
2023-08-13 09:56 PDT,1.012,
2023-08-13 09:55 PDT,1.02,
2023-08-13 09:54 PDT,1.014,
2023-08-13 09:53 PDT,1.025,
2023-08-13 09:52 PDT,1.025,
2023-08-13 09:51 PDT,1.029,
2023-08-13 09:50 PDT,1.036,
2023-08-13 09:49 PDT,1.047,
2023-08-13 09:48 PDT,1.058,
2023-08-13 09:47 PDT,1.076,
2023-08-13 09:46 PDT,1.069,
2023-08-13 09:45 PDT,1.071,
2023-08-13 09:44 PDT,1.075,
2023-08-13 09:43 PDT,1.08,
2023-08-13 09:42 PDT,1.093,
2023-08-13 09:41 PDT,1.097,
2023-08-13 09:40 PDT,1.101,
2023-08-13 09:39 PDT,1.113,
2023-08-13 09:38 PDT,1.115,
2023-08-13 09:37 PDT,1.118,
2023-08-13 09:36 PDT,1.119,
2023-08-13 09:35 PDT,1.125,
2023-08-13 09:34 PDT,1.136,
2023-08-13 09:33 PDT,1.142,
2023-08-13 09:32 PDT,1.147,
2023-08-13 09:31 PDT,1.148,
2023-08-13 09:30 PDT,1.154,
2023-08-13 09:29 PDT,1.168,
2023-08-13 09:28 PDT,1.164,
2023-08-13 09:27 PDT,1.174,
2023-08-13 09:26 PDT,1.178,
2023-08-13 09:25 PDT,1.189,
2023-08-13 09:24 PDT,1.187,
2023-08-13 09:23 PDT,1.195,
2023-08-13 09:22 PDT,1.209,
2023-08-13 09:21 PDT,1.224,
2023-08-13 09:20 PDT,1.236,
2023-08-13 09:19 PDT,1.235,
2023-08-13 09:18 PDT,1.238,
2023-08-13 09:17 PDT,1.247,
2023-08-13 09:16 PDT,1.263,
2023-08-13 09:15 PDT,1.266,
2023-08-13 09:14 PDT,1.269,
2023-08-13 09:13 PDT,1.286,
2023-08-13 09:12 PDT,1.29,
2023-08-13 09:11 PDT,1.302,
2023-08-13 09:10 PDT,1.31,
2023-08-13 09:09 PDT,1.316,
2023-08-13 09:08 PDT,1.327,
2023-08-13 09:07 PDT,1.332,
2023-08-13 09:06 PDT,1.336,
2023-08-13 09:05 PDT,1.349,
2023-08-13 09:04 PDT,1.355,
2023-08-13 09:03 PDT,1.367,
2023-08-13 09:02 PDT,1.381,
2023-08-13 09:01 PDT,1.384,
2023-08-13 09:00 PDT,1.391,
2023-08-13 08:59 PDT,1.397,
2023-08-13 08:58 PDT,1.407,
2023-08-13 08:57 PDT,1.415,
2023-08-13 08:56 PDT,1.417,
2023-08-13 08:55 PDT,1.426,
2023-08-13 08:54 PDT,1.434,
2023-08-13 08:53 PDT,1.45,
2023-08-13 08:52 PDT,1.455,
2023-08-13 08:51 PDT,1.463,
2023-08-13 08:50 PDT,1.474,
2023-08-13 08:49 PDT,1.479,
2023-08-13 08:48 PDT,1.489,
2023-08-13 08:47 PDT,1.497,
2023-08-13 08:46 PDT,1.498,
2023-08-13 08:45 PDT,1.51,
2023-08-13 08:44 PDT,1.52,
2023-08-13 08:43 PDT,1.529,
2023-08-13 08:42 PDT,1.542,
2023-08-13 08:41 PDT,1.548,
2023-08-13 08:40 PDT,1.556,
2023-08-13 08:39 PDT,1.56,
2023-08-13 08:38 PDT,1.571,
2023-08-13 08:37 PDT,1.581,
2023-08-13 08:36 PDT,1.593,
2023-08-13 08:35 PDT,1.597,
2023-08-13 08:34 PDT,1.612,
2023-08-13 08:33 PDT,1.616,
2023-08-13 08:32 PDT,1.622,
2023-08-13 08:31 PDT,1.632,
2023-08-13 08:30 PDT,1.64,
2023-08-13 08:29 PDT,1.649,
2023-08-13 08:28 PDT,1.656,
2023-08-13 08:27 PDT,1.669,
2023-08-13 08:26 PDT,1.675,
2023-08-13 08:25 PDT,1.688,
2023-08-13 08:24 PDT,1.697,
2023-08-13 08:23 PDT,1.706,
2023-08-13 08:22 PDT,1.713,
2023-08-13 08:21 PDT,1.72,
2023-08-13 08:20 PDT,1.728,
2023-08-13 08:19 PDT,1.741,
2023-08-13 08:18 PDT,1.75,
2023-08-13 08:17 PDT,1.759,
2023-08-13 08:16 PDT,1.77,
2023-08-13 08:15 PDT,1.785,
2023-08-13 08:14 PDT,1.79,
2023-08-13 08:13 PDT,1.802,
2023-08-13 08:12 PDT,1.805,
2023-08-13 08:11 PDT,1.816,
2023-08-13 08:10 PDT,1.825,
2023-08-13 08:09 PDT,1.838,
2023-08-13 08:08 PDT,1.846,
2023-08-13 08:07 PDT,1.852,
2023-08-13 08:06 PDT,1.862,
2023-08-13 08:05 PDT,1.875,
2023-08-13 08:04 PDT,1.884,
2023-08-13 08:03 PDT,1.892,
2023-08-13 08:02 PDT,1.902,
2023-08-13 08:01 PDT,1.915,
2023-08-13 08:00 PDT,1.924,
2023-08-13 07:59 PDT,1.933,
2023-08-13 07:58 PDT,1.941,
2023-08-13 07:57 PDT,1.95,
2023-08-13 07:56 PDT,1.963,
2023-08-13 07:55 PDT,1.973,
2023-08-13 07:54 PDT,1.98,
2023-08-13 07:53 PDT,1.992,
2023-08-13 07:52 PDT,2.009,
2023-08-13 07:51 PDT,2.015,
2023-08-13 07:50 PDT,2.025,
2023-08-13 07:49 PDT,2.029,
2023-08-13 07:48 PDT,2.043,
2023-08-13 07:47 PDT,2.057,
2023-08-13 07:46 PDT,2.068,
2023-08-13 07:45 PDT,2.068,
2023-08-13 07:44 PDT,2.076,
2023-08-13 07:43 PDT,2.088,
2023-08-13 07:42 PDT,2.101,
2023-08-13 07:41 PDT,2.121,
2023-08-13 07:40 PDT,2.128,
2023-08-13 07:39 PDT,2.136,
2023-08-13 07:38 PDT,2.142,
2023-08-13 07:37 PDT,2.151,
2023-08-13 07:36 PDT,2.162,
2023-08-13 07:35 PDT,2.169,
2023-08-13 07:34 PDT,2.181,
2023-08-13 07:33 PDT,2.193,
2023-08-13 07:32 PDT,2.2,
2023-08-13 07:31 PDT,2.211,
2023-08-13 07:30 PDT,2.22,
2023-08-13 07:29 PDT,2.234,
2023-08-13 07:28 PDT,2.24,
2023-08-13 07:27 PDT,2.255,
2023-08-13 07:26 PDT,2.265,
2023-08-13 07:25 PDT,2.278,
2023-08-13 07:24 PDT,2.285,
2023-08-13 07:23 PDT,2.287,
2023-08-13 07:22 PDT,2.294,
2023-08-13 07:21 PDT,2.305,
2023-08-13 07:20 PDT,2.32,
2023-08-13 07:19 PDT,2.338,
2023-08-13 07:18 PDT,2.341,
2023-08-13 07:17 PDT,2.349,
2023-08-13 07:16 PDT,2.358,
2023-08-13 07:15 PDT,2.372,
2023-08-13 07:14 PDT,2.378,
2023-08-13 07:13 PDT,2.387,
2023-08-13 07:12 PDT,2.397,
2023-08-13 07:11 PDT,2.404,
2023-08-13 07:10 PDT,2.419,
2023-08-13 07:09 PDT,2.428,
2023-08-13 07:08 PDT,2.436,
2023-08-13 07:07 PDT,2.437,
2023-08-13 07:06 PDT,2.45,
2023-08-13 07:05 PDT,2.47,
2023-08-13 07:04 PDT,2.478,
2023-08-13 07:03 PDT,2.483,
2023-08-13 07:02 PDT,2.489,
2023-08-13 07:01 PDT,2.508,
2023-08-13 07:00 PDT,2.515,
2023-08-13 06:59 PDT,2.518,
2023-08-13 06:58 PDT,2.529,
2023-08-13 06:57 PDT,2.536,
2023-08-13 06:56 PDT,2.561,
2023-08-13 06:55 PDT,2.562,
2023-08-13 06:54 PDT,2.563,
2023-08-13 06:53 PDT,2.57,
2023-08-13 06:52 PDT,2.594,
2023-08-13 06:51 PDT,2.614,
2023-08-13 06:50 PDT,2.61,
2023-08-13 06:49 PDT,2.616,
2023-08-13 06:48 PDT,2.623,
2023-08-13 06:47 PDT,2.645,
2023-08-13 06:46 PDT,2.641,
2023-08-13 06:45 PDT,2.64,
2023-08-13 06:44 PDT,2.656,
2023-08-13 06:43 PDT,2.671,
2023-08-13 06:42 PDT,2.7,
2023-08-13 06:41 PDT,2.7,
2023-08-13 06:40 PDT,2.697,
2023-08-13 06:39 PDT,2.704,
2023-08-13 06:38 PDT,2.718,
2023-08-13 06:37 PDT,2.737,
2023-08-13 06:36 PDT,2.739,
2023-08-13 06:35 PDT,2.737,
2023-08-13 06:34 PDT,2.751,
2023-08-13 06:33 PDT,2.759,
2023-08-13 06:32 PDT,2.765,
2023-08-13 06:31 PDT,2.777,
2023-08-13 06:30 PDT,2.791,
2023-08-13 06:29 PDT,2.801,
2023-08-13 06:28 PDT,2.815,
2023-08-13 06:27 PDT,2.82,
2023-08-13 06:26 PDT,2.824,
2023-08-13 06:25 PDT,2.829,
2023-08-13 06:24 PDT,2.836,
2023-08-13 06:23 PDT,2.853,
2023-08-13 06:22 PDT,2.865,
2023-08-13 06:21 PDT,2.867,
2023-08-13 06:20 PDT,2.874,
2023-08-13 06:19 PDT,2.876,
2023-08-13 06:18 PDT,2.885,
2023-08-13 06:17 PDT,2.907,
2023-08-13 06:16 PDT,2.923,
2023-08-13 06:15 PDT,2.925,
2023-08-13 06:14 PDT,2.923,
2023-08-13 06:13 PDT,2.933,
2023-08-13 06:12 PDT,2.943,
2023-08-13 06:11 PDT,2.947,
2023-08-13 06:10 PDT,2.952,
2023-08-13 06:09 PDT,2.959,
2023-08-13 06:08 PDT,2.97,
2023-08-13 06:07 PDT,2.976,
2023-08-13 06:06 PDT,2.985,
2023-08-13 06:05 PDT,2.987,
2023-08-13 06:04 PDT,2.996,
2023-08-13 06:03 PDT,3.009,
2023-08-13 06:02 PDT,3.022,
2023-08-13 06:01 PDT,3.029,
2023-08-13 06:00 PDT,3.029,
2023-08-13 05:59 PDT,3.036,
2023-08-13 05:58 PDT,3.05,
2023-08-13 05:57 PDT,3.063,
2023-08-13 05:56 PDT,3.072,
2023-08-13 05:55 PDT,3.075,
2023-08-13 05:54 PDT,3.082,
2023-08-13 05:53 PDT,3.093,
2023-08-13 05:52 PDT,3.098,
2023-08-13 05:51 PDT,3.112,
2023-08-13 05:50 PDT,3.112,
2023-08-13 05:49 PDT,3.122,
2023-08-13 05:48 PDT,3.133,
2023-08-13 05:47 PDT,3.147,
2023-08-13 05:46 PDT,3.159,
2023-08-13 05:45 PDT,3.154,
2023-08-13 05:44 PDT,3.159,
2023-08-13 05:43 PDT,3.168,
2023-08-13 05:42 PDT,3.187,
2023-08-13 05:41 PDT,3.197,
2023-08-13 05:40 PDT,3.199,
2023-08-13 05:39 PDT,3.206,
2023-08-13 05:38 PDT,3.215,
2023-08-13 05:37 PDT,3.223,
2023-08-13 05:36 PDT,3.225,
2023-08-13 05:35 PDT,3.233,
2023-08-13 05:34 PDT,3.246,
2023-08-13 05:33 PDT,3.259,
2023-08-13 05:32 PDT,3.266,
2023-08-13 05:31 PDT,3.265,
2023-08-13 05:30 PDT,3.274,
2023-08-13 05:29 PDT,3.284,
2023-08-13 05:28 PDT,3.296,
2023-08-13 05:27 PDT,3.306,
2023-08-13 05:26 PDT,3.307,
2023-08-13 05:25 PDT,3.313,
2023-08-13 05:24 PDT,3.318,
2023-08-13 05:23 PDT,3.322,
2023-08-13 05:22 PDT,3.339,
2023-08-13 05:21 PDT,3.353,
2023-08-13 05:20 PDT,3.36,
2023-08-13 05:19 PDT,3.364,
2023-08-13 05:18 PDT,3.369,
2023-08-13 05:17 PDT,3.374,
2023-08-13 05:16 PDT,3.381,
2023-08-13 05:15 PDT,3.391,
2023-08-13 05:14 PDT,3.4,
2023-08-13 05:13 PDT,3.407,
2023-08-13 05:12 PDT,3.416,
2023-08-13 05:11 PDT,3.424,
2023-08-13 05:10 PDT,3.43,
2023-08-13 05:09 PDT,3.437,
2023-08-13 05:08 PDT,3.442,
2023-08-13 05:07 PDT,3.449,
2023-08-13 05:06 PDT,3.457,
2023-08-13 05:05 PDT,3.465,
2023-08-13 05:04 PDT,3.473,
2023-08-13 05:03 PDT,3.478,
2023-08-13 05:02 PDT,3.484,
2023-08-13 05:01 PDT,3.492,
2023-08-13 05:00 PDT,3.496,
2023-08-13 04:59 PDT,3.508,
2023-08-13 04:58 PDT,3.517,
2023-08-13 04:57 PDT,3.52,
2023-08-13 04:56 PDT,3.525,
2023-08-13 04:55 PDT,3.534,
2023-08-13 04:54 PDT,3.542,
2023-08-13 04:53 PDT,3.548,
2023-08-13 04:52 PDT,3.553,
2023-08-13 04:51 PDT,3.56,
2023-08-13 04:50 PDT,3.567,
2023-08-13 04:49 PDT,3.574,
2023-08-13 04:48 PDT,3.579,
2023-08-13 04:47 PDT,3.584,
2023-08-13 04:46 PDT,3.589,
2023-08-13 04:45 PDT,3.595,
2023-08-13 04:44 PDT,3.6,
2023-08-13 04:43 PDT,3.605,
2023-08-13 04:42 PDT,3.612,
2023-08-13 04:41 PDT,3.619,
2023-08-13 04:40 PDT,3.624,
2023-08-13 04:39 PDT,3.626,
2023-08-13 04:38 PDT,3.631,
2023-08-13 04:37 PDT,3.635,
2023-08-13 04:36 PDT,3.64,
2023-08-13 04:35 PDT,3.647,
2023-08-13 04:34 PDT,3.65,
2023-08-13 04:33 PDT,3.654,
2023-08-13 04:32 PDT,3.659,
2023-08-13 04:31 PDT,3.667,
2023-08-13 04:30 PDT,3.673,
2023-08-13 04:29 PDT,3.674,
2023-08-13 04:28 PDT,3.68,
2023-08-13 04:27 PDT,3.687,
2023-08-13 04:26 PDT,3.692,
2023-08-13 04:25 PDT,3.699,
2023-08-13 04:24 PDT,3.702,
2023-08-13 04:23 PDT,3.706,
2023-08-13 04:22 PDT,3.711,
2023-08-13 04:21 PDT,3.716,
2023-08-13 04:20 PDT,3.72,
2023-08-13 04:19 PDT,3.727,
2023-08-13 04:18 PDT,3.733,
2023-08-13 04:17 PDT,3.739,
2023-08-13 04:16 PDT,3.742,
2023-08-13 04:15 PDT,3.747,
2023-08-13 04:14 PDT,3.751,
2023-08-13 04:13 PDT,3.756,
2023-08-13 04:12 PDT,3.763,
2023-08-13 04:11 PDT,3.766,
2023-08-13 04:10 PDT,3.77,
2023-08-13 04:09 PDT,3.772,
2023-08-13 04:08 PDT,3.779,
2023-08-13 04:07 PDT,3.784,
2023-08-13 04:06 PDT,3.786,
2023-08-13 04:05 PDT,3.789,
2023-08-13 04:04 PDT,3.792,
2023-08-13 04:03 PDT,3.796,
2023-08-13 04:02 PDT,3.798,
2023-08-13 04:01 PDT,3.803,
2023-08-13 04:00 PDT,3.805,
2023-08-13 03:59 PDT,3.807,
2023-08-13 03:58 PDT,3.81,
2023-08-13 03:57 PDT,3.81,
2023-08-13 03:56 PDT,3.813,
2023-08-13 03:55 PDT,3.815,
2023-08-13 03:54 PDT,3.818,
2023-08-13 03:53 PDT,3.818,
2023-08-13 03:52 PDT,3.822,
2023-08-13 03:51 PDT,3.824,
2023-08-13 03:50 PDT,3.825,
2023-08-13 03:49 PDT,3.826,
2023-08-13 03:48 PDT,3.826,
2023-08-13 03:47 PDT,3.829,
2023-08-13 03:46 PDT,3.829,
2023-08-13 03:45 PDT,3.831,
2023-08-13 03:44 PDT,3.832,
2023-08-13 03:43 PDT,3.834,
2023-08-13 03:42 PDT,3.836,
2023-08-13 03:41 PDT,3.836,
2023-08-13 03:40 PDT,3.838,
2023-08-13 03:39 PDT,3.839,
2023-08-13 03:38 PDT,3.839,
2023-08-13 03:37 PDT,3.841,
2023-08-13 03:36 PDT,3.843,
2023-08-13 03:35 PDT,3.843,
2023-08-13 03:34 PDT,3.843,
2023-08-13 03:33 PDT,3.845,
2023-08-13 03:32 PDT,3.846,
2023-08-13 03:31 PDT,3.846,
2023-08-13 03:30 PDT,3.848,
2023-08-13 03:29 PDT,3.848,
2023-08-13 03:28 PDT,3.85,
2023-08-13 03:27 PDT,3.851,
2023-08-13 03:26 PDT,3.851,
2023-08-13 03:25 PDT,3.851,
2023-08-13 03:24 PDT,3.852,
2023-08-13 03:23 PDT,3.855,
2023-08-13 03:22 PDT,3.855,
2023-08-13 03:21 PDT,3.855,
2023-08-13 03:20 PDT,3.858,
2023-08-13 03:19 PDT,3.859,
2023-08-13 03:18 PDT,3.86,
2023-08-13 03:17 PDT,3.862,
2023-08-13 03:16 PDT,3.862,
2023-08-13 03:15 PDT,3.862,
2023-08-13 03:14 PDT,3.864,
2023-08-13 03:13 PDT,3.866,
2023-08-13 03:12 PDT,3.869,
2023-08-13 03:11 PDT,3.867,
2023-08-13 03:10 PDT,3.869,
2023-08-13 03:09 PDT,3.869,
2023-08-13 03:08 PDT,3.869,
2023-08-13 03:07 PDT,3.869,
2023-08-13 03:06 PDT,3.869,
2023-08-13 03:05 PDT,3.869,
2023-08-13 03:04 PDT,3.871,
2023-08-13 03:03 PDT,3.869,
2023-08-13 03:02 PDT,3.871,
2023-08-13 03:01 PDT,3.869,
2023-08-13 03:00 PDT,3.869,
2023-08-13 02:59 PDT,3.867,
2023-08-13 02:58 PDT,3.866,
2023-08-13 02:57 PDT,3.869,
2023-08-13 02:56 PDT,3.866,
2023-08-13 02:55 PDT,3.866,
2023-08-13 02:54 PDT,3.864,
2023-08-13 02:53 PDT,3.864,
2023-08-13 02:52 PDT,3.864,
2023-08-13 02:51 PDT,3.862,
2023-08-13 02:50 PDT,3.86,
2023-08-13 02:49 PDT,3.86,
2023-08-13 02:48 PDT,3.859,
2023-08-13 02:47 PDT,3.858,
2023-08-13 02:46 PDT,3.855,
2023-08-13 02:45 PDT,3.853,
2023-08-13 02:44 PDT,3.853,
2023-08-13 02:43 PDT,3.853,
2023-08-13 02:42 PDT,3.851,
2023-08-13 02:41 PDT,3.848,
2023-08-13 02:40 PDT,3.848,
2023-08-13 02:39 PDT,3.848,
2023-08-13 02:38 PDT,3.851,
2023-08-13 02:37 PDT,3.846,
2023-08-13 02:36 PDT,3.845,
2023-08-13 02:35 PDT,3.845,
2023-08-13 02:34 PDT,3.843,
2023-08-13 02:33 PDT,3.845,
2023-08-13 02:32 PDT,3.843,
2023-08-13 02:31 PDT,3.841,
2023-08-13 02:30 PDT,3.839,
2023-08-13 02:29 PDT,3.839,
2023-08-13 02:28 PDT,3.841,
2023-08-13 02:27 PDT,3.838,
2023-08-13 02:26 PDT,3.836,
2023-08-13 02:25 PDT,3.838,
2023-08-13 02:24 PDT,3.836,
2023-08-13 02:23 PDT,3.836,
2023-08-13 02:22 PDT,3.833,
2023-08-13 02:21 PDT,3.831,
2023-08-13 02:20 PDT,3.831,
2023-08-13 02:19 PDT,3.831,
2023-08-13 02:18 PDT,3.829,
2023-08-13 02:17 PDT,3.827,
2023-08-13 02:16 PDT,3.826,
2023-08-13 02:15 PDT,3.825,
2023-08-13 02:14 PDT,3.826,
2023-08-13 02:13 PDT,3.825,
2023-08-13 02:12 PDT,3.825,
2023-08-13 02:11 PDT,3.822,
2023-08-13 02:10 PDT,3.822,
2023-08-13 02:09 PDT,3.822,
2023-08-13 02:08 PDT,3.819,
2023-08-13 02:07 PDT,3.819,
2023-08-13 02:06 PDT,3.818,
2023-08-13 02:05 PDT,3.817,
2023-08-13 02:04 PDT,3.812,
2023-08-13 02:03 PDT,3.81,
2023-08-13 02:02 PDT,3.812,
2023-08-13 02:01 PDT,3.81,
2023-08-13 02:00 PDT,3.81,
2023-08-13 01:59 PDT,3.806,
2023-08-13 01:58 PDT,3.806,
2023-08-13 01:57 PDT,3.803,
2023-08-13 01:56 PDT,3.803,
2023-08-13 01:55 PDT,3.803,
2023-08-13 01:54 PDT,3.8,
2023-08-13 01:53 PDT,3.796,
2023-08-13 01:52 PDT,3.794,
2023-08-13 01:51 PDT,3.792,
2023-08-13 01:50 PDT,3.792,
2023-08-13 01:49 PDT,3.789,
2023-08-13 01:48 PDT,3.789,
2023-08-13 01:47 PDT,3.786,
2023-08-13 01:46 PDT,3.785,
2023-08-13 01:45 PDT,3.785,
2023-08-13 01:44 PDT,3.78,
2023-08-13 01:43 PDT,3.779,
2023-08-13 01:42 PDT,3.777,
2023-08-13 01:41 PDT,3.777,
2023-08-13 01:40 PDT,3.774,
2023-08-13 01:39 PDT,3.774,
2023-08-13 01:38 PDT,3.773,
2023-08-13 01:37 PDT,3.772,
2023-08-13 01:36 PDT,3.772,
2023-08-13 01:35 PDT,3.767,
2023-08-13 01:34 PDT,3.766,
2023-08-13 01:33 PDT,3.765,
2023-08-13 01:32 PDT,3.763,
2023-08-13 01:31 PDT,3.761,
2023-08-13 01:30 PDT,3.761,
2023-08-13 01:29 PDT,3.76,
2023-08-13 01:28 PDT,3.759,
2023-08-13 01:27 PDT,3.759,
2023-08-13 01:26 PDT,3.753,
2023-08-13 01:25 PDT,3.753,
2023-08-13 01:24 PDT,3.751,
2023-08-13 01:23 PDT,3.749,
2023-08-13 01:22 PDT,3.746,
2023-08-13 01:21 PDT,3.746,
2023-08-13 01:20 PDT,3.741,
2023-08-13 01:19 PDT,3.741,
2023-08-13 01:18 PDT,3.735,
2023-08-13 01:17 PDT,3.735,
2023-08-13 01:16 PDT,3.733,
2023-08-13 01:15 PDT,3.733,
2023-08-13 01:14 PDT,3.73,
2023-08-13 01:13 PDT,3.727,
2023-08-13 01:12 PDT,3.725,
2023-08-13 01:11 PDT,3.723,
2023-08-13 01:10 PDT,3.72,
2023-08-13 01:09 PDT,3.718,
2023-08-13 01:08 PDT,3.716,
2023-08-13 01:07 PDT,3.713,
2023-08-13 01:06 PDT,3.713,
2023-08-13 01:05 PDT,3.708,
2023-08-13 01:04 PDT,3.708,
2023-08-13 01:03 PDT,3.706,
2023-08-13 01:02 PDT,3.702,
2023-08-13 01:01 PDT,3.701,
2023-08-13 01:00 PDT,3.7,
2023-08-13 00:59 PDT,3.7,
2023-08-13 00:58 PDT,3.693,
2023-08-13 00:57 PDT,3.692,
2023-08-13 00:56 PDT,3.69,
2023-08-13 00:55 PDT,3.687,
2023-08-13 00:54 PDT,3.681,
2023-08-13 00:53 PDT,3.68,
2023-08-13 00:52 PDT,3.676,
2023-08-13 00:51 PDT,3.678,
2023-08-13 00:50 PDT,3.673,
2023-08-13 00:49 PDT,3.673,
2023-08-13 00:48 PDT,3.668,
2023-08-13 00:47 PDT,3.667,
2023-08-13 00:46 PDT,3.664,
2023-08-13 00:45 PDT,3.664,
2023-08-13 00:44 PDT,3.659,
2023-08-13 00:43 PDT,3.657,
2023-08-13 00:42 PDT,3.654,
2023-08-13 00:41 PDT,3.65,
2023-08-13 00:40 PDT,3.649,
2023-08-13 00:39 PDT,3.647,
2023-08-13 00:38 PDT,3.643,
2023-08-13 00:37 PDT,3.641,
2023-08-13 00:36 PDT,3.638,
2023-08-13 00:35 PDT,3.638,
2023-08-13 00:34 PDT,3.634,
2023-08-13 00:33 PDT,3.631,
2023-08-13 00:32 PDT,3.631,
2023-08-13 00:31 PDT,3.628,
2023-08-13 00:30 PDT,3.626,
2023-08-13 00:29 PDT,3.623,
2023-08-13 00:28 PDT,3.626,
2023-08-13 00:27 PDT,3.621,
2023-08-13 00:26 PDT,3.619,
2023-08-13 00:25 PDT,3.616,
2023-08-13 00:24 PDT,3.61,
2023-08-13 00:23 PDT,3.612,
2023-08-13 00:22 PDT,3.608,
2023-08-13 00:21 PDT,3.61,
2023-08-13 00:20 PDT,3.605,
2023-08-13 00:19 PDT,3.601,
2023-08-13 00:18 PDT,3.6,
2023-08-13 00:17 PDT,3.6,
2023-08-13 00:16 PDT,3.598,
2023-08-13 00:15 PDT,3.593,
2023-08-13 00:14 PDT,3.593,
2023-08-13 00:13 PDT,3.589,
2023-08-13 00:12 PDT,3.588,
2023-08-13 00:11 PDT,3.586,
2023-08-13 00:10 PDT,3.579,
2023-08-13 00:09 PDT,3.581,
2023-08-13 00:08 PDT,3.581,
2023-08-13 00:07 PDT,3.579,
2023-08-13 00:06 PDT,3.574,
2023-08-13 00:05 PDT,3.569,
2023-08-13 00:04 PDT,3.567,
2023-08-13 00:03 PDT,3.567,
2023-08-13 00:02 PDT,3.567,
2023-08-13 00:01 PDT,3.562,
2023-08-13 00:00 PDT,3.561,
2023-08-12 23:59 PDT,3.558,
2023-08-12 23:58 PDT,3.56,
2023-08-12 23:57 PDT,3.561,
2023-08-12 23:56 PDT,3.555,
2023-08-12 23:55 PDT,3.549,
2023-08-12 23:54 PDT,3.549,
2023-08-12 23:53 PDT,3.548,
2023-08-12 23:52 PDT,3.546,
2023-08-12 23:51 PDT,3.548,
2023-08-12 23:50 PDT,3.546,
2023-08-12 23:49 PDT,3.543,
2023-08-12 23:48 PDT,3.542,
2023-08-12 23:47 PDT,3.541,
2023-08-12 23:46 PDT,3.536,
2023-08-12 23:45 PDT,3.536,
2023-08-12 23:44 PDT,3.536,
2023-08-12 23:43 PDT,3.536,
2023-08-12 23:42 PDT,3.532,
2023-08-12 23:41 PDT,3.532,
2023-08-12 23:40 PDT,3.529,
2023-08-12 23:39 PDT,3.527,
2023-08-12 23:38 PDT,3.525,
2023-08-12 23:37 PDT,3.524,
2023-08-12 23:36 PDT,3.525,
2023-08-12 23:35 PDT,3.523,
2023-08-12 23:34 PDT,3.522,
2023-08-12 23:33 PDT,3.522,
2023-08-12 23:32 PDT,3.52,
2023-08-12 23:31 PDT,3.522,
2023-08-12 23:30 PDT,3.52,
2023-08-12 23:29 PDT,3.52,
2023-08-12 23:28 PDT,3.518,
2023-08-12 23:27 PDT,3.516,
2023-08-12 23:26 PDT,3.515,
2023-08-12 23:25 PDT,3.516,
2023-08-12 23:24 PDT,3.515,
2023-08-12 23:23 PDT,3.51,
2023-08-12 23:22 PDT,3.513,
2023-08-12 23:21 PDT,3.513,
2023-08-12 23:20 PDT,3.513,
2023-08-12 23:19 PDT,3.513,
2023-08-12 23:18 PDT,3.513,
2023-08-12 23:17 PDT,3.513,
2023-08-12 23:16 PDT,3.511,
2023-08-12 23:15 PDT,3.51,
2023-08-12 23:14 PDT,3.509,
2023-08-12 23:13 PDT,3.509,
2023-08-12 23:12 PDT,3.513,
2023-08-12 23:11 PDT,3.513,
2023-08-12 23:10 PDT,3.511,
2023-08-12 23:09 PDT,3.509,
2023-08-12 23:08 PDT,3.51,
2023-08-12 23:07 PDT,3.513,
2023-08-12 23:06 PDT,3.513,
2023-08-12 23:05 PDT,3.518,
2023-08-12 23:04 PDT,3.516,
2023-08-12 23:03 PDT,3.515,
2023-08-12 23:02 PDT,3.516,
2023-08-12 23:01 PDT,3.516,
2023-08-12 23:00 PDT,3.518,
2023-08-12 22:59 PDT,3.518,
2023-08-12 22:58 PDT,3.517,
2023-08-12 22:57 PDT,3.522,
2023-08-12 22:56 PDT,3.525,
2023-08-12 22:55 PDT,3.522,
2023-08-12 22:54 PDT,3.523,
2023-08-12 22:53 PDT,3.527,
2023-08-12 22:52 PDT,3.529,
2023-08-12 22:51 PDT,3.532,
2023-08-12 22:50 PDT,3.532,
2023-08-12 22:49 PDT,3.53,
2023-08-12 22:48 PDT,3.532,
2023-08-12 22:47 PDT,3.535,
2023-08-12 22:46 PDT,3.537,
2023-08-12 22:45 PDT,3.534,
2023-08-12 22:44 PDT,3.539,
2023-08-12 22:43 PDT,3.541,
2023-08-12 22:42 PDT,3.537,
2023-08-12 22:41 PDT,3.539,
2023-08-12 22:40 PDT,3.539,
2023-08-12 22:39 PDT,3.543,
2023-08-12 22:38 PDT,3.546,
2023-08-12 22:37 PDT,3.544,
2023-08-12 22:36 PDT,3.548,
2023-08-12 22:35 PDT,3.546,
2023-08-12 22:34 PDT,3.546,
2023-08-12 22:33 PDT,3.553,
2023-08-12 22:32 PDT,3.555,
2023-08-12 22:31 PDT,3.553,
2023-08-12 22:30 PDT,3.555,
2023-08-12 22:29 PDT,3.565,
2023-08-12 22:28 PDT,3.561,
2023-08-12 22:27 PDT,3.569,
2023-08-12 22:26 PDT,3.56,
2023-08-12 22:25 PDT,3.561,
2023-08-12 22:24 PDT,3.569,
2023-08-12 22:23 PDT,3.572,
2023-08-12 22:22 PDT,3.579,
2023-08-12 22:21 PDT,3.575,
2023-08-12 22:20 PDT,3.579,
2023-08-12 22:19 PDT,3.579,
2023-08-12 22:18 PDT,3.579,
2023-08-12 22:17 PDT,3.586,
2023-08-12 22:16 PDT,3.583,
2023-08-12 22:15 PDT,3.591,
2023-08-12 22:14 PDT,3.593,
2023-08-12 22:13 PDT,3.601,
2023-08-12 22:12 PDT,3.6,
2023-08-12 22:11 PDT,3.595,
2023-08-12 22:10 PDT,3.601,
2023-08-12 22:09 PDT,3.608,
2023-08-12 22:08 PDT,3.614,
2023-08-12 22:07 PDT,3.612,
2023-08-12 22:06 PDT,3.605,
2023-08-12 22:05 PDT,3.609,
2023-08-12 22:04 PDT,3.614,
2023-08-12 22:03 PDT,3.622,
2023-08-12 22:02 PDT,3.624,
2023-08-12 22:01 PDT,3.623,
2023-08-12 22:00 PDT,3.626,
2023-08-12 21:59 PDT,3.634,
2023-08-12 21:58 PDT,3.635,
2023-08-12 21:57 PDT,3.641,
2023-08-12 21:56 PDT,3.638,
2023-08-12 21:55 PDT,3.645,
2023-08-12 21:54 PDT,3.648,
2023-08-12 21:53 PDT,3.645,
2023-08-12 21:52 PDT,3.655,
2023-08-12 21:51 PDT,3.649,
2023-08-12 21:50 PDT,3.655,
2023-08-12 21:49 PDT,3.667,
2023-08-12 21:48 PDT,3.666,
2023-08-12 21:47 PDT,3.667,
2023-08-12 21:46 PDT,3.661,
2023-08-12 21:45 PDT,3.673,
2023-08-12 21:44 PDT,3.678,
2023-08-12 21:43 PDT,3.68,
2023-08-12 21:42 PDT,3.683,
2023-08-12 21:41 PDT,3.682,
2023-08-12 21:40 PDT,3.685,
2023-08-12 21:39 PDT,3.693,
2023-08-12 21:38 PDT,3.7,
2023-08-12 21:37 PDT,3.695,
2023-08-12 21:36 PDT,3.697,
2023-08-12 21:35 PDT,3.706,
2023-08-12 21:34 PDT,3.715,
2023-08-12 21:33 PDT,3.721,
2023-08-12 21:32 PDT,3.716,
2023-08-12 21:31 PDT,3.714,
2023-08-12 21:30 PDT,3.727,
2023-08-12 21:29 PDT,3.73,
2023-08-12 21:28 PDT,3.73,
2023-08-12 21:27 PDT,3.728,
2023-08-12 21:26 PDT,3.737,
2023-08-12 21:25 PDT,3.751,
2023-08-12 21:24 PDT,3.752,
2023-08-12 21:23 PDT,3.747,
2023-08-12 21:22 PDT,3.759,
2023-08-12 21:21 PDT,3.763,
2023-08-12 21:20 PDT,3.759,
2023-08-12 21:19 PDT,3.759,
2023-08-12 21:18 PDT,3.76,
2023-08-12 21:17 PDT,3.77,
2023-08-12 21:16 PDT,3.779,
2023-08-12 21:15 PDT,3.78,
2023-08-12 21:14 PDT,3.792,
2023-08-12 21:13 PDT,3.792,
2023-08-12 21:12 PDT,3.791,
2023-08-12 21:11 PDT,3.792,
2023-08-12 21:10 PDT,3.793,
2023-08-12 21:09 PDT,3.798,
2023-08-12 21:08 PDT,3.803,
2023-08-12 21:07 PDT,3.803,
2023-08-12 21:06 PDT,3.815,
2023-08-12 21:05 PDT,3.817,
2023-08-12 21:04 PDT,3.825,
2023-08-12 21:03 PDT,3.829,
2023-08-12 21:02 PDT,3.826,
2023-08-12 21:01 PDT,3.831,
2023-08-12 21:00 PDT,3.838,
2023-08-12 20:59 PDT,3.836,
2023-08-12 20:58 PDT,3.843,
2023-08-12 20:57 PDT,3.846,
2023-08-12 20:56 PDT,3.851,
2023-08-12 20:55 PDT,3.852,
2023-08-12 20:54 PDT,3.858,
2023-08-12 20:53 PDT,3.862,
2023-08-12 20:52 PDT,3.869,
2023-08-12 20:51 PDT,3.871,
2023-08-12 20:50 PDT,3.871,
2023-08-12 20:49 PDT,3.876,
2023-08-12 20:48 PDT,3.878,
2023-08-12 20:47 PDT,3.891,
2023-08-12 20:46 PDT,3.881,
2023-08-12 20:45 PDT,3.898,
2023-08-12 20:44 PDT,3.9,
2023-08-12 20:43 PDT,3.904,
2023-08-12 20:42 PDT,3.907,
2023-08-12 20:41 PDT,3.907,
2023-08-12 20:40 PDT,3.914,
2023-08-12 20:39 PDT,3.918,
2023-08-12 20:38 PDT,3.921,
2023-08-12 20:37 PDT,3.921,
2023-08-12 20:36 PDT,3.937,
2023-08-12 20:35 PDT,3.935,
2023-08-12 20:34 PDT,3.937,
2023-08-12 20:33 PDT,3.94,
2023-08-12 20:32 PDT,3.945,
2023-08-12 20:31 PDT,3.95,
2023-08-12 20:30 PDT,3.949,
2023-08-12 20:29 PDT,3.956,
2023-08-12 20:28 PDT,3.964,
2023-08-12 20:27 PDT,3.966,
2023-08-12 20:26 PDT,3.968,
2023-08-12 20:25 PDT,3.973,
2023-08-12 20:24 PDT,3.977,
2023-08-12 20:23 PDT,3.982,
2023-08-12 20:22 PDT,3.984,
2023-08-12 20:21 PDT,3.987,
2023-08-12 20:20 PDT,3.994,
2023-08-12 20:19 PDT,3.997,
